topic,label,group_norm
18,validea / guru / pass,0.3346317460390885
6,moving average / day moving / moving,0.31632718622549827
58,moving average / day moving / moving,0.2990280813095119
30,fell / index / news,0.2809288032666982
19,oil / energy / gas,0.2722443029612483
31,rose / dow / kwhen,0.26739899434400893
40,patients / drug / treatment,0.24856417465862446
51,statements / remarks / conference,0.24091253718234024
21,typically indicates / strategy / validea,0.24089639047167807
38,insider / insiders / transactions,0.21114484840367412
15,rsi / oversold / rsi reading,0.20522108889255083
13,vaccine / covid / vaccines,0.20491762941821356
8,consensus / estimate / surprise,0.19371190351701031
36,contract / yieldboost / premium,0.18966958965710362
37,strategy / typically indicates / criteria,0.18713498571273904
16,dividend / dividends / yield,0.18321655545426538
29,million / billion / deal,0.17723978130070758
50,contract / expiration / premium,0.17505373706379265
17,fed / inflation / rate,0.17478094823583404
34,dow / nyse / dow jones,0.1738381860004668
7,dividend / payment / dividend payment,0.17342414370022496
49,new / time / like,0.1731333400012434
23,bank / banks / banking,0.16229484118553675
20,dividend / payment / cash dividend,0.15977257442802398
2,revenues / estimate / consensus,0.15960500795138866
9,units / new units / just like,0.14772073838691627
42,investorplace / market news / advice trading,0.14385556045282752
56,sector update / health care / care,0.14325092859538102
47,court / lawsuit / thomsonreuters,0.13871838116226715
41,volume / contracts / approximately,0.13336621004361657
46,million / loss / revenues,0.1323383871573815
55,dividend / payment / dividend payment,0.12519995573281795
14,cannabis / marijuana / aurora,0.12126819500521836
12,etf / units / big etf,0.11959382032285541
4,contract / greeks / expire worthless,0.1191725267950344
3,china / chinese / alibaba,0.1156546969364477
54,dividend / reasonable expectation / yield,0.11273031113476406
39,gold / silver / precious,0.11249773469860054
5,conference / statements / remarks,0.1108251717811898
10,value / great / style,0.11039993665717279
1,nyse / years / revenue,0.1087837302998183
22,estimate / consensus / consensus estimate,0.09855381898903566
57,airlines / boeing / air,0.09851254858593746
53,movers / performing / day best,0.09653612892990782
24,cloud / technology / mobile,0.08611066734904094
28,stores / store / sales,0.08580040568104094
0,etf / etfs / fund,0.08447616171139755
27,units / new units / just like,0.0836838760531001
32,disney / streaming / netflix,0.08025231490185668
52,units / big etf / outstanding,0.08006146540568086
25,sector / laggards / sector laggards,0.07437928771968227
33,blog / analyst blog / rank,0.068883553079387
59,typically indicates / strategy / criteria,0.06735531855167898
43,representing ownership / prior filing / reported owning,0.06555602835240441
45,capital / business / debt,0.0646406761425858
48,million / revenues / revenue,0.06191147358964182
44,apple / iphone / aapl,0.06126338448602836
35,target / target price / analyst,0.05315589618807755
26,solar / tesla / electric,0.03886571879598984
11,index / composite / revenue,0.028543442315855826
