arm,L,variant,npmi_mean,npmi_median,npmi_sd,diversity_top10,lda_ll_per_word,cluster_mean_cosine,cluster_iterations
LDA,50,lda_L50,0.2867028084397316,0.28470495343208313,0.11121465888431524,0.736,-7.459913996217245,,
LDA,60,lda_L60,0.2682864314566056,0.24355895817279816,0.11182973198604913,0.6833333333333333,-7.427176415542012,,
LDA,70,lda_L70,0.29102604113785285,0.28825318813323975,0.11941758823443496,0.6385714285714286,-7.382918251895176,,
LDA,80,lda_L80,0.28237412674352524,0.2572474926710129,0.12335480380196816,0.60625,-7.366129829900994,,
"Spherical ST, soft head",50,st_spherical_soft_L50,0.34398470155894756,0.3181317001581192,0.21697963152363114,0.448,,0.5795396257178524,23
"Spherical ST, soft head",60,st_spherical_soft_L60,0.38895308195302886,0.3484339118003845,0.21684166052060222,0.4683333333333333,,0.5897812541714212,23
"Spherical ST, soft head",70,st_spherical_soft_L70,0.37910853012331897,0.3397243618965149,0.21689363667082082,0.44857142857142857,,0.596555766194329,23
"Spherical ST, soft head",80,st_spherical_soft_L80,0.4009121933020651,0.3751355707645416,0.22347290172416703,0.47,,0.604165537823296,25
"Spherical ST, sparse-soft head",50,st_spherical_L50,0.44140313170850276,0.45905809104442596,0.1756978556838893,0.7,,,0
"Spherical ST, sparse-soft head",60,st_spherical_L60,0.4578946214169264,0.5239023864269257,0.1997704677851234,0.6783333333333333,,,0
"Spherical ST, sparse-soft head",70,st_spherical_L70,0.46215181584869114,0.4544825851917267,0.1917723448256682,0.6685714285714286,,,0
"Spherical ST, sparse-soft head",80,st_spherical_L80,0.4942728454247117,0.4780762046575546,0.20179850356067275,0.66625,,,0
